Datetime,Water Level (m)
2025-06-14 12:00:00,1.3383619
2025-06-14 13:00:00,0.8775036
2025-06-14 14:00:00,0.3510422
2025-06-14 15:00:00,-0.15995821
2025-06-14 16:00:00,-0.58033735
2025-06-14 17:00:00,-0.7275371
2025-06-14 18:00:00,-0.37936336
2025-06-14 19:00:00,0.04504367
2025-06-14 20:00:00,0.47135928
2025-06-14 21:00:00,0.9273146
2025-06-14 22:00:00,1.2470012
2025-06-14 23:00:00,1.342422
2025-06-15 00:00:00,1.1205021
2025-06-15 01:00:00,0.6971648
2025-06-15 02:00:00,0.22026113
2025-06-15 03:00:00,-0.27053487
2025-06-15 04:00:00,-0.63668925
2025-06-15 05:00:00,-0.6253957
2025-06-15 06:00:00,-0.17358628
2025-06-15 07:00:00,0.29955992
2025-06-15 08:00:00,0.8612728
2025-06-15 09:00:00,1.3949815
2025-06-15 10:00:00,1.7931745
2025-06-15 11:00:00,1.9574723
2025-06-15 12:00:00,1.7862158
2025-06-15 13:00:00,1.3461213
2025-06-15 14:00:00,0.8104903
2025-06-15 15:00:00,0.27605397
2025-06-15 16:00:00,-0.26060098
2025-06-15 17:00:00,-0.6286589
2025-06-15 18:00:00,-0.5686842
2025-06-15 19:00:00,-0.16036467
2025-06-15 20:00:00,0.2561612
2025-06-15 21:00:00,0.7307234
2025-06-15 22:00:00,1.1525877
2025-06-15 23:00:00,1.4369556
2025-06-16 00:00:00,1.4549863
2025-06-16 01:00:00,1.1829588
2025-06-16 02:00:00,0.7390196
2025-06-16 03:00:00,0.26088417
2025-06-16 04:00:00,-0.17891425
2025-06-16 05:00:00,-0.46581504
2025-06-16 06:00:00,-0.2538944
2025-06-16 07:00:00,0.1903593
2025-06-16 08:00:00,0.6500382
2025-06-16 09:00:00,1.2318801
2025-06-16 10:00:00,1.7293069
2025-06-16 11:00:00,2.060403
2025-06-16 12:00:00,2.1128945
2025-06-16 13:00:00,1.8135207
2025-06-16 14:00:00,1.3271445
2025-06-16 15:00:00,0.76320386
2025-06-16 16:00:00,0.24064441
2025-06-16 17:00:00,-0.26624104
2025-06-16 18:00:00,-0.54946357
2025-06-16 19:00:00,-0.32780185
2025-06-16 20:00:00,0.07312654
2025-06-16 21:00:00,0.47759977
2025-06-16 22:00:00,0.97394234
2025-06-16 23:00:00,1.3694198
2025-06-17 00:00:00,1.5941278
2025-06-17 01:00:00,1.5278373
2025-06-17 02:00:00,1.1962258
2025-06-17 03:00:00,0.7255873
2025-06-17 04:00:00,0.2492994
2025-06-17 05:00:00,-0.19792551
2025-06-17 06:00:00,-0.45831114
2025-06-17 07:00:00,-0.22556432
2025-06-17 08:00:00,0.19559601
2025-06-17 09:00:00,0.63494307
2025-06-17 10:00:00,1.1939504
2025-06-17 11:00:00,1.6516469
2025-06-17 12:00:00,1.9486837
2025-06-17 13:00:00,1.9559885
2025-06-17 14:00:00,1.6456141
2025-06-17 15:00:00,1.1637266
2025-06-17 16:00:00,0.6147388
2025-06-17 17:00:00,0.13120122
2025-06-17 18:00:00,-0.32443032
2025-06-17 19:00:00,-0.51411015
2025-06-17 20:00:00,-0.22198777
2025-06-17 21:00:00,0.17412052
2025-06-17 22:00:00,0.59437716
2025-06-17 23:00:00,1.106461
2025-06-18 00:00:00,1.5195961
2025-06-18 01:00:00,1.7537137
2025-06-18 02:00:00,1.7011751
2025-06-18 03:00:00,1.3719233
2025-06-18 04:00:00,0.9109612
2025-06-18 05:00:00,0.42221963
2025-06-18 06:00:00,0.019470125
2025-06-18 07:00:00,-0.24359788
2025-06-18 08:00:00,-0.057991154
2025-06-18 09:00:00,0.30846578
2025-06-18 10:00:00,0.74445695
2025-06-18 11:00:00,1.2434293
2025-06-18 12:00:00,1.6704563
2025-06-18 13:00:00,1.9302609
2025-06-18 14:00:00,1.9008142
2025-06-18 15:00:00,1.5759695
2025-06-18 16:00:00,1.097778
2025-06-18 17:00:00,0.5656521
2025-06-18 18:00:00,0.09908846
2025-06-18 19:00:00,-0.32699865
2025-06-18 20:00:00,-0.4648651
2025-06-18 21:00:00,-0.1390012
2025-06-18 22:00:00,0.24057846
2025-06-18 23:00:00,0.6909611
2025-06-19 00:00:00,1.1861211
2025-06-19 01:00:00,1.589652
2025-06-19 02:00:00,1.809917
2025-06-19 03:00:00,1.7476956
2025-06-19 04:00:00,1.4120169
2025-06-19 05:00:00,0.9507577
2025-06-19 06:00:00,0.46280974
2025-06-19 07:00:00,0.072100386
2025-06-19 08:00:00,-0.20364973
2025-06-19 09:00:00,-0.06914468
2025-06-19 10:00:00,0.2809623
2025-06-19 11:00:00,0.667925
2025-06-19 12:00:00,1.1625328
2025-06-19 13:00:00,1.5671479
2025-06-19 14:00:00,1.8101907
2025-06-19 15:00:00,1.7636237
2025-06-19 16:00:00,1.4317815
2025-06-19 17:00:00,0.9558645
2025-06-19 18:00:00,0.43314427
2025-06-19 19:00:00,-0.05116199
2025-06-19 20:00:00,-0.47225833
2025-06-19 21:00:00,-0.6260653
2025-06-19 22:00:00,-0.309682
2025-06-19 23:00:00,0.092392065
2025-06-20 00:00:00,0.54222685
2025-06-20 01:00:00,1.0545344
2025-06-20 02:00:00,1.4736323
2025-06-20 03:00:00,1.7295715
2025-06-20 04:00:00,1.7057085
2025-06-20 05:00:00,1.397003
2025-06-20 06:00:00,0.94408005
2025-06-20 07:00:00,0.44669282
2025-06-20 08:00:00,0.028103016
2025-06-20 09:00:00,-0.32079774
2025-06-20 10:00:00,-0.29688734
2025-06-20 11:00:00,0.044748902
2025-06-20 12:00:00,0.40007323
